brunnerl = Brunner Lubomir <lubomir.brunner@curtis.ch>
christend = Christen Daniel <daniel.christen@curtis.ch>
fabregasx = Fabregas Xavier <xavier.fabregas@curtis.ch>
gruberx = Gruber Xaver <xaver.gruber@curtis.ch>
jacquatm = Jacquat Michel <michel.jacquat@curtis.ch>
lehmanna = Lehmann Andres <andres.lehmann@curtis.ch>
leuf = Leu Franz <franz.leu@curtis.ch>
muellera = Mueller Aron <aron.mueller@curtis.ch>
nennigerf = Nenniger Fabian <fabian.nenniger@curtis.ch>
rubic = Rubi Christian <christian.rubi@curtis.ch>
schwendimannk = Schwendimann Kaspar <kaspar.schwendimann@curtis.ch>
schwertfegerm = Schwertfeger Markus <markus.schwertfeger@curtis.ch>
tjadenh = Tjaden Henning <henning.tjaden@curtis.ch>
widmert = Widmer Thomas <thomas.widmer@curtis.ch>
bornm = Born Marcel <marcel.born@curtis.ch>
studerm = Studer Manuel <manuel.studer@rsrg.com>
zurbucheng = Zurbuchen G <zurbucheng@email.com>
ciernyr = Cierny Robert <ciernyrobert@email.com>
scheideggert = Scheidegger T <scheideggert@email.com>
veserm = Veser M <veserm@email.com>
zossoy = Zosso Y <zossoy@email.com>
Iwanowskij = Iwanowskij <iwanowskij@email.com>
iwanowskij = Iwanowski J <iwanowskij@email.com>
sumkar = Sumka Richard <richard.sumka@curtis.ch>
ag-buildserver = ag-buildserver <ag-buildserver@email.com>
roundsb = Rounds Benjamin <roundsb@email.com>
nenovn = Nenov Nikolay <nenovn@email.com>
maierm = maierm <maierm@email.com>
scherzingeri = Scherzinger Ivo <ivo.scherzinger@curtis.ch>
rollih = Rolli Hanspeter <hanspeter.rolli@email.com>
Sylaa = Syla Alanda <alanda.syla@curtis.ch>
lehmannm = Lehmann Martin <martin.lehmann@curtis.ch>
gerberk = Gerber Klaus <klaus.gerber@curtis.ch>
furrere = Furrer E <furrere@email.com>
grossenbacherf = Grossenbacher Fabian <fabian.grossenbacher@curtis.ch>
(no author) = gitsvn <gitsvn@gitsvn.com>
